#{"t_start": 1769509458.3543575, "env_id": "None"}
r,l,t
-0.453269,125,1.265313
-0.399241,133,1.610567
-0.567768,73,1.791793
-0.257323,144,2.173277
-0.334778,55,2.318581
-0.358582,130,2.636409
-0.237604,158,3.011259
-0.472775,121,3.315218
2.032999,180,3.743029
-0.482834,117,4.029944
-0.57932,73,4.207139
-0.383785,118,4.484527
-0.331733,62,4.628676
-0.410672,122,4.921265
1.95389,307,5.668246
2.013902,181,8.670878
-0.340732,53,8.807328
-0.339994,53,8.940703
2.05888,298,9.743493
-0.575651,73,9.952741
2.050457,240,10.63564
-0.353543,62,10.809153
-0.420659,129,11.188289
-0.404297,127,11.567017
-0.338281,57,11.724676
-0.29415,116,12.062
-0.370882,118,12.387934
-0.368659,112,12.718065
-0.366515,111,13.031362
-0.339277,59,13.200637
-0.61311,165,13.693449
-0.340593,53,13.860842
-0.447163,142,14.283525
2.109452,224,17.469579
2.017211,204,17.972622
-0.337216,53,18.102514
-0.474331,117,18.380147
-0.256084,144,18.733201
-0.336928,58,18.871255
-0.321909,63,19.026606
-0.327024,58,19.185537
-0.38214,103,20.130337
-0.347625,59,20.278507
-0.324935,59,20.422885
2.038166,299,21.176397
-0.226172,154,21.561985
2.044363,238,22.285943
-0.351153,55,22.481982
-0.243486,143,22.942869
-0.343386,57,25.869868
2.066011,198,26.450391
-0.34097,53,26.594671
-0.59069,160,27.006589
2.047534,175,27.465271
-0.354961,66,27.638356
-0.49209,184,28.132683
-0.474708,128,28.467234
-0.333271,53,28.617671
2.059479,187,29.114383
-0.348759,54,29.285023
-0.253646,140,29.696677
-0.372691,110,29.987332
-0.390623,122,30.317357
-0.340909,59,30.461653
2.056339,182,30.920559
2.059564,188,33.851875
2.072161,187,34.35175
-0.60184,73,34.541814
2.07056,180,34.994571
-0.339143,50,35.117679
-0.443368,124,35.428235
-0.423136,128,35.742594
-0.335186,61,35.891323
-0.493551,116,36.184731
-0.309593,80,36.385329
-0.25064,138,36.740969
-0.343636,103,36.997583
2.04133,201,37.514873
-0.349512,111,37.78958
-0.323501,136,38.131108
-0.313365,56,38.276731
-0.375609,112,39.274736
-0.326827,55,39.423732
-0.371419,114,39.726027
2.079169,175,42.657807
2.063316,197,43.150372
-0.259831,145,43.516705
-0.588674,183,43.964648
-0.325218,58,44.114749
2.051052,179,44.563872
2.042974,182,45.029961
2.049437,223,45.590271
-0.367251,51,45.717958
-0.367644,111,45.991234
2.043369,184,46.48094
-0.252769,126,46.796087
2.081543,229,47.38319
2.043542,218,50.351958
-0.587542,73,50.535153
2.019473,185,50.995821
2.041547,175,51.439929
2.006994,195,51.93846
-0.484421,135,52.267834
-0.339472,56,52.407723
2.042753,182,52.862057
2.059683,191,53.361935
2.059935,174,53.796348
-0.401348,110,54.069928
2.044055,279,54.768297
-0.492736,139,57.539268
-0.370171,52,57.671681
-0.353084,52,57.807424
2.060426,175,58.257262
-0.336805,54,58.389962
2.065552,176,58.833806
-0.355268,75,59.018396
-0.348181,53,61.001865
2.039592,174,61.454552
2.066545,181,61.91197
-0.402209,76,62.096733
-0.345055,78,62.289761
2.070175,182,62.760826
-0.353369,54,62.896417
2.052396,195,63.393298
2.054619,176,63.848481
2.036661,253,66.951759
2.051628,213,67.495782
2.050361,174,67.930012
2.049684,197,68.423404
2.023924,175,68.868912
2.039738,202,69.394223
2.045846,230,69.969943
-0.236827,138,70.321943
2.051937,289,71.044007
2.047146,229,71.610655
2.047895,180,72.068448
2.051151,234,75.08702
-0.379254,77,75.273129
-0.380061,76,75.460832
-0.359303,51,75.583787
-0.361696,60,75.730376
-0.40545,76,75.914855
-0.361246,54,76.048084
2.06188,177,76.492353
2.063101,179,76.93933
2.070583,219,77.494005
2.055892,189,77.969945
2.04877,205,80.127069
2.050042,172,80.583546
-0.375063,53,80.712495
-0.411377,74,80.904475
-0.399371,73,81.087933
-0.399058,73,81.268082
2.04802,185,84.207451
-0.357118,78,84.396668
-0.397973,74,84.576589
2.043298,174,85.009805
2.04064,182,85.48078
2.038574,175,85.927573
-0.361174,52,86.064465
2.05464,217,86.627945
2.063641,201,87.139762
2.049385,187,87.609782
2.063565,190,88.087863
-0.255112,107,88.358152
-0.407571,74,88.559377
2.063209,182,91.567826
2.056015,215,92.190245
-0.255458,124,92.54877
-0.504319,130,92.908882
2.062592,176,93.399672
-0.614592,73,93.607928
2.04685,221,94.264484
2.036755,206,94.874806
2.030868,225,95.592326
2.061825,207,96.275539
2.054522,192,96.843369
2.043027,182,97.363641
-0.661461,180,100.464062
-0.405122,76,100.695299
-0.365443,54,100.8593
-0.459809,133,101.225
2.034728,222,103.629549
2.070843,180,104.129506
2.088926,189,104.700677
2.07429,194,105.245123
-0.471238,128,105.616922
2.072719,237,106.275857
-0.650174,180,106.808584
2.084722,178,107.332166
-0.385036,60,107.56525
2.048665,179,110.897995
-0.357363,55,111.035813
-0.352531,77,111.233427
-0.360594,96,111.515901
-0.535465,162,111.950242
-0.364562,53,112.109244
-0.40504,77,112.333792
2.080545,183,112.893408
-0.255441,99,113.191117
-0.248416,138,113.633311
2.056023,223,114.302299
2.047974,172,114.8245
2.051686,181,115.383621
2.057781,178,115.947689
2.05481,214,116.596459
2.079004,176,119.740888
2.078054,175,120.282975
-0.49515,192,120.866393
-0.345087,52,121.026639
-0.354071,53,121.182494
-0.246062,143,121.61516
-0.350994,53,121.774019
-0.342666,54,121.934704
2.052228,281,122.792763
2.067263,184,123.350633
-0.354568,52,125.390153
-0.25998,117,125.742667
2.083159,176,126.267819
-0.353154,53,126.446213
2.055061,233,127.121133
-0.558387,179,130.416278
2.044372,199,130.993529
-0.374065,77,131.20712
2.077632,189,131.756166
-0.234717,144,132.17277
2.042174,271,132.994461
2.034088,207,133.59984
-0.356326,53,133.754818
-0.483291,137,134.14516
-0.36757,52,134.295646
2.053958,182,134.836777
2.055663,230,135.529696
2.078802,179,136.045956
-0.365963,51,136.193034
-0.350502,54,138.948417
-0.507902,143,139.312355
2.073663,181,139.83739
2.05631,237,140.487928
-0.241502,139,140.84036
2.059613,174,141.302088
2.061267,197,141.793017
2.082427,182,142.257775
-0.244079,129,142.584836
2.051136,176,143.027912
2.065611,187,143.49699
2.075155,213,144.026541
2.042964,221,147.024224
2.058502,173,150.295438
2.051987,173,150.777302
2.051252,217,151.413796
-0.351722,51,151.556247
2.041323,279,152.382736
-0.563924,179,152.912442
-0.247876,135,153.312359
-0.240394,142,153.730642
2.075075,189,154.324913
-0.513534,145,154.739029
2.058085,176,155.253767
2.064965,226,158.419837
2.060487,191,158.890892
2.061553,237,159.530345
-0.255056,136,159.86395
2.031254,243,160.479188
2.044705,222,161.033678
-0.357909,77,161.223663
2.076391,175,161.667237
2.074706,173,162.097807
-0.359118,51,162.224134
2.040189,201,162.7327
2.040524,207,165.729904
2.03775,173,166.162122
2.039096,218,166.697617
2.066512,293,167.440936
-0.350337,76,167.624323
2.051709,174,168.060243
2.086687,195,170.183184
2.046132,299,170.985465
-0.367417,76,171.177387
-0.356777,53,171.310902
2.065728,177,171.778605
2.068669,181,172.241519
2.110528,183,175.1839
2.068432,182,175.628439
2.041466,174,176.05392
2.062614,175,176.497352
2.053103,173,176.934522
2.045178,239,177.558612
-0.34603,79,177.757913
2.061775,176,178.211027
2.079979,180,178.680974
2.046093,205,179.195271
2.051429,176,179.639302
2.056771,232,182.697507
2.045243,224,183.260648
2.052743,178,183.699806
2.062215,239,184.299785
2.038083,218,184.842811
2.041107,178,185.289663
2.035491,199,185.782066
2.077655,198,186.283616
-0.35919,52,186.421468
2.070229,269,187.095963
2.036166,220,189.363055
2.043181,226,192.340196
2.060146,275,193.017131
-0.354864,53,193.151659
2.036211,355,194.0432
2.051144,173,194.508466
2.042964,239,195.113784
-0.411108,189,195.580669
2.023948,245,196.196956
2.032561,235,196.804944
2.053254,264,199.88156
2.039357,306,200.659053
2.058287,223,201.218499
2.03118,308,201.992667
2.050064,221,202.564608
2.056091,195,203.049431
2.049881,172,203.481515
2.062463,173,203.937578
-0.351178,53,204.069229
2.06666,188,204.558375
2.047494,407,207.986843
2.069368,193,208.466851
-0.248647,135,208.823061
2.042271,227,211.146749
2.029759,252,211.821826
2.058266,225,212.389065
2.048829,174,212.826424
2.115774,214,213.368047
2.046482,239,213.981292
