#{"t_start": 1769508235.4304972, "env_id": "None"}
r,l,t
-0.623213,73,1.181102
-0.632088,73,1.347786
-0.663001,73,1.52333
-0.631165,73,1.690193
-0.654976,73,1.858648
-0.624729,73,2.040177
-0.648395,73,2.209358
-0.638935,73,2.386067
-0.660532,73,2.562976
-0.621603,73,2.735897
-0.67607,73,2.922224
-0.652394,73,3.090395
-0.645956,73,3.259892
-0.603952,73,3.424584
-0.618771,73,3.587846
-0.61556,73,3.749398
-0.661037,73,3.924881
-0.632667,73,4.098859
-0.651447,73,4.26352
-0.660331,73,4.432235
-0.614634,73,4.596866
-0.61822,73,4.760968
-0.637472,73,4.930773
-0.645868,73,5.09703
-0.660952,73,5.261947
-0.639943,73,5.425538
-0.627132,73,5.609341
-0.627848,73,5.775877
-0.641055,73,8.204586
-0.654495,73,8.392342
-0.641241,73,8.576912
-0.623326,73,8.769069
-0.645538,73,8.962775
-0.636157,73,9.153016
-0.684479,73,9.365638
-0.669435,73,9.552036
-0.664369,73,9.735638
-0.63506,73,9.921465
-0.635638,73,10.106031
-0.638022,73,10.291832
-0.68692,73,10.474598
-0.61885,73,10.664754
-0.644996,73,10.849138
-0.620394,73,11.040201
-0.599305,73,11.230011
-0.627216,73,11.416209
-0.622461,73,11.602446
-0.685167,73,11.789176
-0.596262,73,11.978749
-0.64545,73,12.172303
-0.626876,73,12.363818
-0.663688,73,12.54989
-0.614409,73,12.736931
-0.610209,73,12.925347
-0.658013,73,13.108073
-0.632452,73,13.294484
-0.648495,73,15.668964
-0.609624,73,15.849342
-0.661523,73,16.034285
-0.600551,73,16.218259
-0.637733,73,16.408025
-0.680659,73,16.592708
-0.611688,73,16.776876
-0.674606,73,16.968223
-0.635952,73,17.150222
-0.626164,73,17.342396
-0.66317,73,17.529889
-0.562287,73,17.720948
-0.641419,73,18.615678
-0.658253,73,18.803187
-0.647235,73,18.997858
-0.633639,73,19.183423
-0.670932,73,19.374115
-0.661458,73,19.571084
-0.623461,73,19.77347
-0.639067,73,19.970181
-0.661075,73,20.173846
-0.582557,73,20.381751
-0.671093,73,20.571857
-0.655426,73,20.790642
-0.632258,73,20.987154
-0.630276,73,21.175116
-0.633189,73,21.375928
-0.604405,73,21.569987
-0.675073,73,23.988078
-0.681274,73,24.178855
-0.634203,73,24.383422
-0.642619,73,24.572061
-0.629478,73,24.770108
-0.64171,73,25.01077
-0.641933,73,25.21131
-0.633223,73,25.436992
-0.652073,73,25.667823
-0.598312,73,25.875438
-0.680563,73,26.059629
-0.621343,73,26.265513
-0.606403,73,26.480059
-0.607767,73,26.677278
-0.624058,73,26.877844
-0.636544,73,27.064847
-0.625892,73,27.252204
-0.657508,73,27.441959
-0.619175,73,27.629703
-0.665984,73,27.820719
-0.595544,73,28.009399
-0.629345,73,28.197233
-0.644158,73,28.387287
-0.631157,73,28.577577
-0.619505,73,28.76317
-0.646452,73,28.968801
-0.647571,73,29.179208
-0.63312,73,29.400577
-0.666841,73,31.825797
-0.616022,73,32.010183
-0.615403,73,32.220574
-0.650908,73,32.418809
-0.651035,73,32.608083
-0.660209,73,32.811933
-0.632494,73,33.000905
-0.666613,73,33.190201
-0.664001,73,33.383941
-0.628042,73,33.57316
-0.644558,73,33.767924
-0.646307,73,33.972774
-0.665974,73,34.164718
-0.645043,73,34.360859
-0.654597,73,34.567849
-0.671358,73,34.760642
-0.636599,73,34.954385
-0.667959,73,35.167194
-0.640633,73,35.384873
-0.635396,73,35.63814
-0.641335,73,35.869077
-0.616327,73,36.085512
-0.640339,73,36.288093
-0.641414,73,36.482471
-0.606724,73,37.402961
-0.623484,73,37.603087
-0.678231,73,37.798247
-0.653207,73,37.993068
-0.646455,73,40.688893
-0.652518,73,40.886234
-0.624987,73,41.082696
-0.61632,73,41.275281
-0.637211,73,41.472088
-0.620059,73,41.668879
-0.641711,73,41.855403
-0.625548,73,42.046654
-0.633275,73,42.265219
-0.616914,73,42.468545
-0.648016,73,42.672154
-0.628131,73,42.887788
-0.650738,73,43.087018
-0.633767,73,43.297936
-0.658088,73,43.504618
-0.640419,73,43.713707
-0.633031,73,43.9443
-0.601463,73,44.141408
-0.654466,73,44.336124
-0.706108,73,44.532107
-0.665619,73,44.725077
-0.634127,73,44.918462
-0.61569,73,45.112729
-0.633295,73,45.311075
-0.645228,73,45.512511
-0.635966,73,45.716139
-0.658331,73,45.918822
-0.659225,73,46.11327
-0.661997,73,48.558813
-0.645618,73,48.741142
-0.62823,73,48.937743
-0.697625,73,49.179936
-0.667719,73,49.37374
-0.653557,73,49.571032
-0.607243,73,49.769335
-0.596179,73,49.963449
-0.626102,73,50.157929
-0.603518,73,50.352101
-0.627253,73,50.55023
-0.638048,73,50.744169
-0.617897,73,50.945731
-0.593203,73,51.152739
-0.65374,73,51.35119
-0.622159,73,51.571099
-0.624488,73,51.782689
-0.633748,73,52.026062
-0.661665,73,52.227909
-0.638856,73,52.430054
-0.643606,73,52.637465
-0.638276,73,52.843662
-0.633841,73,53.055617
-0.635754,73,53.368456
-0.652608,73,53.5826
-0.657496,73,53.847718
-0.620814,73,54.07803
-0.675043,73,54.274364
-0.62471,73,57.161829
-0.674017,73,57.371547
-0.587535,73,57.616453
-0.586193,73,57.880895
-0.615829,73,58.088751
-0.593356,73,58.267658
-0.636925,73,58.441821
-0.595472,73,58.622163
-0.568828,73,58.806754
-0.587078,73,59.628965
-0.571995,73,59.802439
-0.594008,73,59.96973
-0.667572,73,60.147192
-0.665119,73,60.341778
-0.607835,73,60.508659
-0.654009,73,60.673826
-0.572613,73,60.837439
-0.70506,73,61.002381
-0.664508,73,61.164541
-0.601996,73,61.331951
-0.602346,73,61.495912
-0.658613,73,61.659599
-0.657904,73,61.831351
-0.647952,73,62.013173
-0.610023,73,62.19987
-0.644471,73,62.382303
-0.561072,73,62.565475
-0.649191,73,62.748278
-0.63822,73,65.107421
-0.596335,73,65.300704
-0.59245,73,65.519297
-0.595714,73,65.727637
-0.590711,73,65.928935
-0.5986,73,66.127266
-0.582501,73,66.328381
-0.589381,73,66.537915
-0.584711,73,66.748766
-0.569422,73,66.941236
-0.582819,73,67.125362
-0.570281,73,67.32634
-0.606154,73,67.52372
-0.573778,73,67.730303
-0.577967,73,67.930309
-0.569661,73,68.116807
-0.549135,73,68.305147
-0.633685,73,68.502102
-0.59462,73,68.692758
-0.575365,73,68.884022
-0.622103,73,69.081426
-0.592802,73,69.306372
-0.579574,73,69.501162
-0.599518,73,69.710614
-0.629249,73,69.937791
-0.5611,73,70.133192
-0.647798,73,70.334414
-0.598688,73,70.541891
-0.600809,73,73.060128
-0.663792,73,73.25155
-0.557325,73,73.462659
-0.605316,73,73.650467
-0.56141,73,73.842856
-0.587192,73,74.029532
-0.607313,73,74.22216
-0.581923,73,74.420593
-0.571673,73,74.604518
-0.558869,73,74.786512
-0.591833,73,74.970234
-0.568578,73,75.153512
-0.631942,73,75.337255
-0.607976,73,75.522809
-0.551484,73,75.710549
-0.564099,73,75.898081
-0.590132,73,76.088864
-0.54299,73,76.272995
-0.573268,73,76.467295
-0.589801,73,76.65802
-0.628559,73,76.844138
-0.548703,73,77.730951
-0.568688,73,77.917513
-0.594235,73,78.105194
-0.583653,73,78.293045
-0.613962,73,78.489583
-0.577179,73,78.677121
-0.590392,73,78.878433
-0.603176,73,81.382749
-0.584891,73,81.579279
-0.535647,73,81.775062
-0.568461,73,81.983793
-0.565375,73,82.206929
-0.562882,73,82.40642
-0.581712,73,82.602754
-0.563895,73,82.8028
-0.603544,73,82.996238
-0.579933,73,83.199733
-0.563891,73,83.388902
-0.584111,73,83.584758
-0.568913,73,83.769099
-0.595683,73,83.961606
-0.568901,73,84.16157
-0.612708,73,84.351872
-0.570954,73,84.588675
-0.571988,73,84.793899
-0.567311,73,84.984016
-0.571905,73,85.179993
-0.598967,73,85.380763
-0.574767,73,85.578943
-0.577574,73,85.774091
-0.565183,73,85.968563
-0.574407,73,86.162189
-0.56964,73,86.356243
-0.563432,73,86.561089
-0.539714,73,86.768547
-0.554034,73,89.258197
-0.561036,73,89.453032
-0.573507,73,89.636651
2.058495,215,90.18917
-0.55766,73,90.382116
-0.563909,73,90.568907
-0.567278,73,90.755759
-0.543971,73,90.960519
-0.58925,73,91.147392
-0.550704,73,91.335743
-0.551365,73,91.525566
-0.568516,73,91.716337
-0.549141,73,91.90589
-0.553672,73,92.096668
-0.557759,73,92.278394
-0.544519,73,92.466281
-0.578915,73,92.675143
-0.56654,73,92.860456
-0.563881,73,93.044451
-0.569511,73,93.243302
-0.556414,73,93.43815
-0.557573,73,93.630765
-0.556328,73,93.850201
-0.563166,73,94.124874
-0.558548,73,94.358897
-0.566382,73,94.590225
-0.572271,73,97.043278
-0.557015,73,97.267106
-0.561881,73,97.456937
-0.34589,90,97.684259
-0.58647,73,97.88405
-0.360698,55,98.021048
-0.566127,73,98.812329
-0.569585,73,99.022855
-0.549297,73,99.22114
-0.358868,54,99.386655
-0.588493,73,99.552599
-0.589259,73,99.721586
-0.336957,52,99.838553
-0.363578,64,99.986422
-0.558719,73,100.15192
-0.574676,73,100.317768
-0.370687,75,100.488427
-0.343653,56,100.6167
-0.550322,73,100.785015
-0.559636,73,100.984852
-0.590389,73,101.206101
-0.562823,73,101.379456
2.018765,296,102.104767
-0.564551,73,102.280018
-0.550323,73,102.454436
-0.55588,73,102.621106
-0.551985,73,104.945272
-0.351018,50,105.064974
-0.53666,73,105.252094
2.054031,214,105.783271
-0.553693,73,105.966868
2.043657,198,106.485119
-0.36669,51,106.612885
-0.563902,73,106.795399
-0.360452,56,106.941509
-0.55778,73,107.121903
-0.35581,57,107.261384
-0.334793,72,107.439903
-0.342589,54,107.569614
-0.531694,73,107.755154
-0.566843,73,107.942329
-0.336157,54,108.073637
-0.551848,73,108.256584
-0.359841,185,108.710268
-0.309322,84,108.946924
-0.545856,73,109.144596
-0.350782,59,109.318475
-0.352376,54,109.457811
-0.391121,225,110.023894
-0.361063,54,112.464094
-0.342433,57,112.608639
-0.352994,47,112.726752
2.04456,206,113.359699
-0.549849,73,113.584525
-0.346747,52,113.749893
-0.34868,54,113.924056
-0.329222,70,114.14867
-0.282615,177,114.616171
-0.534922,73,114.820077
-0.335252,67,115.013162
-0.525987,73,115.22565
-0.561955,73,115.430043
-0.575073,73,115.624003
-0.361235,54,115.756953
-0.571698,73,115.94794
-0.543028,73,116.13457
-0.32621,68,116.950921
-0.334547,51,117.085143
-0.227088,123,117.407665
-0.360706,57,117.561519
-0.352423,56,117.702899
2.045111,204,118.284849
-0.567264,73,118.481593
-0.338207,78,118.707807
